0.1,0.15,0.2,0.25,0.3,0.35,0.4,0.45,0.5,0.55,0.6,0.62,0.64,0.66,0.68,0.7,0.72,0.74,0.76,0.78,0.8,0.82,0.84,0.86,0.88,0.9,0.92,0.94,0.96,0.98,1.0,1.02,1.04,1.06,1.08,1.1,1.12,1.14,1.16,1.18,1.2,1.22,1.24,1.26,1.28,1.3,1.32,1.34,1.36,1.38,1.4,1.42,1.44,1.46,1.48,1.5,1.52,1.54,1.56,1.58,1.6,1.7,1.8,1.9,2.0,2.1,2.2,2.3,2.4,2.5,2.6
4,4,4,4,4,4,4,4,7,4,7,7,4,4,7,7,5,4,7,7,7,4,7,7,4,7,4,4,4,20,None,7,7,7,5,4,7,None,None,None,None,None,7,None,5,8,None,None,7,7,None,13,None,None,None,8,None,None,None,None,None,7,7,None,None,None,None,None,None,None,None
4,4,4,4,4,4,4,5,4,4,4,7,4,4,7,7,10,7,7,10,4,5,7,7,8,7,13,None,7,10,None,10,8,10,8,10,None,7,10,19,7,None,None,None,None,None,None,7,None,None,None,None,None,None,None,None,None,None,7,None,None,None,None,None,None,None,None,None,4,None,None
4,4,4,4,4,4,4,4,4,7,4,7,7,7,7,4,8,10,7,7,7,7,4,4,7,7,8,13,7,7,7,7,7,7,8,7,13,8,7,13,4,13,None,None,7,13,10,7,None,8,7,None,None,10,7,11,None,None,None,7,8,None,None,7,None,None,None,None,None,None,None
4,4,4,4,4,4,4,7,4,5,7,4,7,7,4,4,4,4,7,7,8,5,8,7,4,8,7,20,7,17,4,10,4,13,7,7,7,None,7,None,13,7,None,None,8,8,4,None,10,None,None,None,None,7,None,7,None,10,None,None,13,None,None,None,None,None,None,None,None,None,None
4,4,4,4,4,4,7,4,7,7,7,7,4,4,4,8,4,5,7,7,10,7,7,4,3,None,7,7,None,10,4,7,None,13,8,10,7,7,7,13,5,None,None,None,7,None,4,None,None,None,None,4,None,7,None,7,None,11,None,None,7,10,None,None,None,None,10,None,None,None,None
4,4,4,4,7,4,5,4,7,4,7,7,4,7,7,7,7,4,8,10,8,8,13,None,7,7,7,19,10,10,4,None,7,7,8,8,7,7,7,None,7,None,None,None,4,None,None,None,7,7,4,None,None,None,None,None,8,None,None,10,None,None,None,None,None,None,None,None,None,None,None
4,4,4,4,4,4,5,7,4,4,7,5,4,4,7,4,10,7,7,7,7,7,8,7,7,None,7,13,19,5,13,17,None,4,7,10,7,5,13,4,7,None,None,7,7,8,8,None,10,7,11,7,None,None,8,None,None,7,None,None,None,None,None,None,None,None,None,None,None,None,None
4,4,4,4,4,4,4,4,4,7,7,7,7,4,10,7,5,4,10,4,8,13,8,10,7,8,7,10,7,7,None,7,13,7,10,7,14,None,7,7,None,8,None,7,None,7,4,None,None,7,None,7,None,None,8,None,7,None,None,None,7,None,None,None,None,None,None,None,None,None,None
4,4,4,4,4,4,4,4,7,7,4,4,4,7,4,7,4,7,7,7,7,10,7,7,None,4,None,13,5,8,13,19,None,7,None,7,None,7,7,7,None,None,7,10,4,5,4,4,None,7,4,None,7,7,7,None,7,None,None,None,None,None,None,None,None,None,None,None,None,None,None
4,4,4,4,4,4,4,4,4,4,7,10,7,7,4,7,7,7,4,10,7,4,7,4,7,None,10,7,7,10,4,7,7,None,4,10,4,None,7,7,13,None,None,10,None,5,None,None,None,7,7,None,None,7,None,9,None,None,10,None,None,8,None,None,None,None,None,None,None,None,None
4,4,4,4,4,4,4,7,4,4,7,7,7,7,4,5,14,7,4,13,4,13,10,7,7,7,13,10,20,7,7,10,7,7,None,7,8,None,10,13,7,None,None,None,None,8,7,7,4,None,None,None,4,None,None,11,None,None,8,None,None,None,11,None,None,None,None,None,None,None,None
4,4,4,4,4,4,4,4,4,7,10,7,7,7,4,7,7,7,7,7,7,7,7,7,10,10,7,5,4,8,None,4,7,7,7,7,None,7,7,7,None,7,None,4,7,7,7,7,None,None,7,7,7,7,None,None,None,None,None,None,None,8,None,None,None,None,None,None,None,None,None
4,4,4,4,4,4,7,4,7,4,7,4,7,7,4,13,7,7,7,7,7,10,7,7,20,7,4,7,22,7,None,7,19,7,7,7,13,7,7,7,None,7,7,None,None,7,7,None,None,7,7,8,None,10,13,4,None,None,None,None,None,None,7,None,None,None,None,None,None,None,None
4,4,4,4,4,4,4,4,7,10,4,4,7,10,4,7,4,7,7,8,7,7,7,7,7,7,4,7,7,None,7,8,7,4,4,7,None,7,None,7,None,7,None,10,None,None,None,8,None,None,None,None,None,7,None,5,None,7,7,None,None,7,10,None,7,None,8,None,None,None,None
4,4,4,4,4,4,4,4,4,4,4,7,4,4,4,7,7,7,7,10,7,7,7,7,8,19,7,4,13,7,7,17,7,None,7,None,10,None,7,None,8,7,None,7,4,None,None,None,4,None,7,None,None,None,None,None,None,None,None,None,None,None,None,None,None,None,None,None,None,None,None
4,4,4,4,4,4,4,5,7,4,4,7,4,7,8,4,4,10,4,4,4,10,7,7,8,None,4,None,7,13,10,16,4,7,None,4,7,4,None,13,7,None,8,7,None,None,11,None,7,13,13,10,4,7,7,None,None,10,None,None,None,None,None,None,None,None,10,None,None,8,None
4,4,4,4,4,4,4,4,7,8,8,7,7,10,7,7,4,10,7,8,4,13,7,7,8,4,7,7,7,8,10,None,7,13,None,7,7,10,7,4,7,13,None,7,None,None,7,None,None,8,5,None,7,7,7,7,7,None,None,None,10,None,None,None,None,None,None,None,None,None,None
4,4,4,4,4,4,4,7,4,7,7,7,7,7,7,7,7,4,10,4,7,7,4,4,10,10,7,7,13,19,7,None,None,13,None,7,7,13,13,8,8,None,7,None,10,7,7,7,None,None,7,None,7,None,None,7,None,None,None,None,None,None,None,None,11,None,None,None,None,None,None
4,4,4,4,4,4,4,4,4,4,10,7,7,7,7,4,10,7,7,13,7,7,4,None,4,13,7,22,7,7,7,7,None,10,7,10,7,7,8,None,7,7,8,10,None,7,None,None,None,7,7,None,7,None,None,None,None,7,None,None,7,None,None,None,11,None,None,None,None,None,None
4,4,4,4,4,4,4,4,5,8,7,4,4,8,4,7,10,8,4,7,7,7,7,10,7,7,7,7,17,13,19,13,7,None,7,10,7,None,None,7,None,None,7,7,7,None,8,None,None,7,None,None,7,None,7,None,None,None,5,7,None,8,None,None,None,None,None,None,None,None,None
4,4,4,4,4,4,4,7,4,7,5,7,8,7,7,7,7,7,7,7,7,10,7,7,4,10,7,7,None,7,4,7,8,None,None,13,7,13,7,8,7,None,None,None,None,None,7,4,11,None,None,7,None,13,None,None,7,None,None,None,None,None,None,None,None,None,None,None,None,None,None
4,4,4,4,4,4,7,4,4,7,7,7,4,4,4,7,7,7,10,4,7,4,7,7,8,7,4,10,7,10,7,4,7,7,13,None,7,7,None,7,4,None,None,None,None,7,None,None,7,7,7,None,7,None,None,None,None,None,7,7,None,None,None,None,None,None,None,None,None,None,None
4,4,4,4,4,4,7,7,7,4,4,4,4,7,4,7,10,4,4,5,7,10,7,7,7,7,16,10,13,7,17,8,7,7,8,None,22,None,7,None,7,7,None,None,None,None,3,7,None,8,7,None,None,4,None,None,7,None,None,7,None,10,None,None,None,None,None,None,None,None,None
4,4,4,4,4,4,7,4,5,4,7,7,4,4,7,7,5,10,7,4,10,7,4,4,7,7,7,13,7,7,7,8,17,13,13,7,7,13,8,None,7,4,4,None,7,7,None,7,None,10,None,10,7,8,None,None,7,None,None,None,None,None,None,11,None,None,None,None,None,None,None
4,4,4,4,4,4,4,7,8,4,10,5,7,10,4,7,7,10,7,4,10,10,7,10,7,None,7,7,7,7,7,None,4,4,None,7,10,7,7,10,7,7,13,None,7,8,None,None,7,None,None,7,None,None,None,None,None,4,None,None,None,None,None,None,None,None,None,None,None,None,None
4,4,4,4,4,4,4,4,4,8,4,7,4,10,4,7,7,4,10,7,7,10,7,8,16,7,7,4,10,16,7,10,None,None,7,4,8,11,7,None,None,7,4,7,5,None,None,7,None,None,16,None,None,None,7,10,4,4,None,None,7,None,None,None,None,None,None,None,None,None,None
4,4,4,4,4,4,4,4,4,4,7,7,4,4,7,5,7,7,10,8,4,13,7,8,10,7,7,13,13,7,8,13,7,7,7,13,None,7,None,None,7,7,None,7,None,7,7,10,8,None,11,7,10,7,10,None,None,None,None,None,None,None,None,None,None,None,None,None,None,None,None
4,4,4,4,4,4,4,4,4,7,7,7,4,7,7,7,4,7,7,7,10,4,7,10,7,23,8,13,7,7,7,None,8,7,4,7,None,8,7,8,11,7,5,None,None,4,None,None,8,None,7,None,5,None,8,8,None,None,None,4,7,None,None,None,None,None,None,None,None,None,None
4,4,4,4,4,4,7,4,4,8,7,7,4,7,7,10,10,7,4,8,8,7,10,13,7,13,10,7,8,13,7,None,8,None,7,7,7,None,8,None,7,None,7,None,7,7,7,None,None,16,8,None,None,None,None,7,16,5,None,None,None,14,None,None,None,None,None,None,None,None,None
4,4,4,4,4,4,4,4,5,8,7,7,7,8,4,4,10,7,10,7,8,7,7,4,4,None,10,7,7,10,7,7,10,11,7,13,7,4,7,8,7,None,None,8,7,None,10,None,7,None,None,16,10,None,8,11,7,None,None,8,10,None,None,None,None,None,None,None,None,None,None
4,4,4,4,4,4,5,7,4,7,7,4,7,7,7,7,7,10,4,7,7,7,7,7,5,13,8,7,10,7,4,22,7,7,None,7,7,7,7,None,None,8,10,8,None,7,None,None,8,7,None,None,13,None,None,None,7,None,8,None,None,None,None,None,None,None,None,None,8,None,None
4,4,4,4,4,4,7,4,7,7,10,4,7,7,10,7,8,7,13,5,5,7,7,10,4,7,7,7,7,4,7,4,7,7,None,5,7,7,9,10,7,None,10,None,None,7,None,None,None,None,7,7,None,None,7,11,None,None,None,None,None,7,None,5,None,None,None,None,None,None,7
4,4,4,4,4,4,7,4,5,7,7,7,4,7,7,10,7,7,10,4,7,7,7,4,13,8,7,7,7,7,13,7,7,None,13,7,7,7,7,None,7,7,None,11,None,8,7,8,None,8,10,13,None,None,None,None,None,8,None,7,None,7,None,None,None,None,None,None,None,None,None
4,4,4,4,4,4,7,4,4,4,4,4,7,7,5,7,7,4,5,10,7,7,7,7,7,7,16,7,7,None,7,7,11,7,7,10,7,10,None,13,10,7,7,None,None,8,None,7,7,None,7,13,None,None,10,7,7,7,7,None,None,None,None,None,None,None,None,None,None,None,None
4,4,4,4,4,4,4,8,4,4,4,4,7,7,7,7,17,7,7,7,7,7,7,16,4,10,7,4,13,7,13,5,7,4,7,8,None,13,10,11,7,8,7,None,None,7,7,None,None,10,None,8,7,None,8,None,None,None,None,None,7,14,None,None,4,None,None,None,None,None,7
4,4,4,4,4,5,4,4,7,7,4,10,7,7,7,7,4,10,7,7,7,10,13,10,13,13,7,4,8,7,8,13,4,13,7,4,4,7,7,None,None,None,7,7,None,7,7,13,None,None,None,None,7,None,11,10,3,None,None,7,None,None,None,None,None,None,None,None,None,None,None
4,4,4,4,4,4,4,4,7,4,4,8,4,7,8,7,7,10,10,7,7,7,None,22,7,16,7,7,None,7,7,8,7,13,10,7,7,4,23,7,7,10,None,5,8,7,None,7,None,13,7,None,None,None,None,7,7,None,None,None,None,None,None,None,None,None,None,None,None,None,None
4,4,4,4,4,4,4,4,3,4,10,4,7,4,7,7,5,4,None,10,10,7,4,7,7,7,7,7,8,7,10,7,7,None,7,7,7,16,8,7,10,None,None,7,None,13,7,4,None,8,10,None,None,7,7,None,None,None,None,None,None,None,9,None,None,None,None,None,None,None,None
4,4,4,4,4,4,4,4,4,4,7,4,4,7,7,7,10,7,7,7,7,4,7,10,7,7,7,7,7,7,7,7,7,13,10,None,None,None,4,7,7,None,None,10,7,None,8,8,4,11,None,8,None,None,7,None,7,10,None,7,None,None,None,None,None,None,None,None,None,None,None
4,4,4,4,4,4,4,4,4,7,4,7,7,4,8,4,13,7,4,7,7,10,7,7,None,4,8,7,4,7,13,10,16,None,None,7,4,7,7,7,7,7,None,7,8,10,11,7,None,None,11,7,None,8,None,None,None,None,None,None,10,None,None,None,None,None,None,None,None,None,None
4,4,4,4,4,4,4,4,7,5,7,4,7,7,4,7,7,10,7,4,7,7,7,10,None,7,7,8,7,7,7,7,7,7,4,None,None,None,None,None,None,13,10,7,None,8,None,None,5,8,10,None,7,None,None,None,None,None,None,None,None,None,None,None,None,None,7,None,None,None,None
4,4,4,4,4,4,4,4,4,7,4,4,10,7,7,7,7,7,5,5,7,7,5,7,7,4,7,13,17,7,13,13,19,13,7,7,None,7,10,7,None,None,7,None,None,7,None,None,None,7,None,7,7,None,10,None,None,14,7,8,None,None,None,None,None,None,None,None,None,None,None
4,4,4,4,4,4,4,4,5,4,4,10,5,7,4,7,7,7,10,4,10,None,4,7,7,10,4,4,19,None,7,7,7,4,7,7,7,7,None,10,7,8,7,None,None,7,10,None,None,None,None,None,None,None,7,7,None,7,None,None,8,None,None,None,5,9,None,None,None,None,None
4,4,4,4,4,4,4,4,5,5,7,7,7,7,7,4,10,7,4,5,7,10,7,7,7,4,7,10,7,7,4,16,7,7,10,4,7,10,13,5,None,None,None,7,8,10,None,None,8,None,None,None,None,7,None,7,7,None,None,None,7,11,None,None,None,None,None,None,None,None,None
4,4,4,4,4,4,4,7,4,7,7,4,4,8,7,10,7,4,7,7,7,10,7,7,7,7,7,7,7,7,None,7,10,7,5,10,7,4,None,None,31,8,7,8,None,10,None,5,4,None,11,None,None,13,12,7,None,7,None,None,None,None,None,None,None,None,None,None,None,None,None
4,4,4,4,4,4,4,4,7,7,7,10,7,7,4,7,7,7,7,7,7,5,7,4,8,7,8,7,10,7,10,None,None,7,None,4,22,None,10,None,None,7,10,None,None,7,None,None,7,None,8,7,None,None,None,None,None,None,7,None,None,None,17,None,None,None,None,None,None,None,None
4,4,4,4,7,4,4,5,5,4,4,4,8,7,4,7,7,7,4,7,13,7,7,8,4,7,7,7,7,8,13,5,11,7,7,7,None,10,4,7,None,None,7,None,4,None,4,10,None,None,10,None,None,7,None,4,None,None,4,8,None,None,None,None,None,None,None,None,None,None,None
4,4,4,4,4,4,7,4,4,7,7,4,10,7,7,7,7,13,7,7,4,10,7,7,4,7,8,10,7,7,4,7,7,7,4,10,7,7,7,7,4,7,None,7,None,7,None,8,None,None,None,10,7,10,8,None,10,None,None,5,None,None,10,7,None,None,None,None,None,None,None
4,4,4,4,4,4,4,4,4,4,10,7,10,5,4,5,7,7,7,10,10,7,10,4,16,7,11,None,7,22,7,13,None,None,10,16,7,7,4,13,7,None,7,7,7,7,10,None,7,7,None,None,7,None,None,10,None,None,None,None,7,None,None,None,None,None,None,7,None,None,None
4,4,4,4,4,4,4,7,4,4,7,10,7,4,8,7,8,7,13,7,7,4,7,13,8,7,10,7,7,7,7,7,7,7,10,7,None,4,13,4,None,None,7,7,None,None,None,None,8,None,None,10,7,None,10,7,None,None,7,None,None,None,None,None,None,None,None,None,None,None,None
4,4,4,4,4,4,7,4,4,5,4,4,7,4,4,7,7,7,7,4,7,7,7,25,7,13,7,7,7,19,None,10,None,7,7,7,7,None,7,13,7,7,7,13,None,None,7,None,7,None,None,None,None,10,None,None,None,None,None,None,7,None,None,None,None,None,None,None,None,None,None
4,4,4,4,4,4,4,4,7,7,7,7,4,7,10,7,7,10,4,10,7,7,13,None,10,7,None,None,13,4,22,7,7,7,7,7,None,10,16,7,7,7,None,7,None,None,7,7,7,7,7,None,None,7,10,7,None,None,None,7,None,7,None,None,None,None,None,None,None,None,None
4,4,4,4,4,4,7,4,7,7,10,7,7,4,7,7,13,7,7,7,None,7,7,7,7,5,7,None,7,7,4,7,None,7,10,7,7,4,None,4,None,7,7,7,8,7,None,None,4,7,None,None,None,None,7,7,None,None,None,10,None,None,7,None,None,None,None,None,None,None,None
4,4,4,4,4,4,4,4,4,4,7,10,7,4,8,4,4,7,7,7,None,7,4,4,13,7,None,7,7,7,7,7,7,7,10,7,7,7,None,13,None,None,5,None,5,7,4,None,7,None,8,7,None,None,None,None,None,None,None,None,None,None,None,None,None,None,None,None,None,None,None
4,4,4,4,4,4,4,4,4,4,7,4,7,4,4,4,7,7,7,4,7,7,7,7,10,7,7,4,10,16,10,22,7,None,10,7,4,None,4,7,7,None,None,None,None,None,None,None,None,7,None,5,None,None,5,None,7,7,7,None,7,None,None,None,None,None,None,None,None,None,None
4,4,4,4,4,4,7,4,4,4,7,4,4,7,7,4,7,7,8,7,4,7,7,13,7,None,16,7,7,7,8,7,7,20,None,8,7,None,7,7,None,7,7,7,None,None,16,None,None,None,None,7,7,7,10,None,None,None,None,None,None,None,None,None,None,None,None,None,None,None,None
4,4,4,4,4,4,4,4,5,4,7,7,10,7,7,8,7,4,4,7,7,7,7,7,4,13,7,7,10,13,4,7,10,None,7,10,7,7,7,None,19,7,7,None,10,None,None,None,None,None,None,10,7,None,None,7,None,7,8,7,10,11,None,None,None,None,None,None,None,None,None
4,4,4,4,4,4,4,7,8,7,4,7,7,4,7,7,5,10,5,4,7,4,4,8,7,4,7,4,16,19,8,7,7,10,10,4,None,None,None,7,7,7,None,None,None,None,10,None,None,None,7,None,None,None,7,None,None,None,None,None,None,None,None,8,None,None,None,None,None,None,None
4,4,4,4,4,4,4,4,7,4,5,4,4,4,5,7,7,10,4,7,7,7,7,7,10,7,13,7,7,19,10,13,22,None,7,10,7,7,7,7,8,7,7,7,None,8,None,None,7,None,10,None,None,None,None,13,None,None,10,None,None,None,None,None,None,None,None,None,None,None,None
4,4,4,4,4,4,7,4,7,4,4,4,4,4,4,5,4,7,7,7,10,7,4,10,13,7,16,4,7,None,7,7,7,None,7,13,None,None,4,7,7,7,7,None,None,16,None,None,None,None,None,7,4,None,None,None,8,4,8,None,None,None,None,None,None,None,None,None,None,None,None
4,4,4,4,4,4,4,4,4,7,7,4,7,10,7,7,8,7,7,7,7,8,10,5,26,8,7,10,8,None,7,13,None,7,13,10,None,13,None,7,8,7,None,None,7,7,8,7,4,None,None,7,None,None,None,None,None,None,None,7,None,None,None,None,None,None,None,None,None,None,None
4,4,4,4,4,4,4,4,4,4,7,4,7,10,7,4,4,7,7,7,10,4,7,10,4,4,7,7,4,4,10,7,5,7,8,None,None,4,7,None,8,7,7,7,None,7,None,None,None,8,10,None,None,None,None,None,None,7,None,8,None,None,None,None,None,None,None,None,None,None,None
4,4,4,4,7,4,4,4,4,7,10,7,4,7,7,4,10,10,4,4,13,7,10,None,7,5,7,7,None,7,19,7,7,10,10,None,7,7,7,None,4,7,8,None,4,None,None,None,7,None,7,10,7,None,None,None,None,7,None,None,None,8,None,None,None,None,None,None,None,None,None
4,4,4,4,4,4,4,4,4,4,4,4,4,5,7,7,4,4,7,13,7,7,7,7,7,8,7,16,23,8,4,7,None,4,4,7,4,None,7,4,7,None,8,10,None,7,10,None,None,7,None,None,None,None,None,4,None,None,None,None,None,None,None,None,None,None,None,None,None,None,None
4,4,4,4,4,4,4,7,7,7,4,4,7,4,4,7,10,7,4,7,8,7,7,7,7,7,4,7,10,4,7,10,None,7,5,4,7,7,7,13,13,None,4,None,7,4,7,None,None,4,7,8,16,4,10,7,None,12,None,None,None,None,None,None,None,None,None,None,None,None,None
4,4,4,4,4,4,7,4,4,7,7,10,7,7,4,7,10,10,7,4,7,7,7,10,7,7,7,10,7,7,7,None,10,16,7,None,4,7,4,7,7,None,10,None,None,None,None,None,None,7,8,None,13,7,None,None,None,None,8,None,None,None,None,None,None,None,8,None,None,None,None
4,4,4,4,4,4,4,4,4,7,7,4,4,7,4,7,4,7,7,4,11,13,5,7,10,7,7,10,13,None,8,7,7,None,10,7,7,7,None,None,7,7,None,None,7,7,None,10,7,None,10,10,None,None,None,None,4,None,7,None,None,None,5,None,None,None,None,None,None,None,None
4,4,4,4,4,4,4,4,4,7,7,7,4,7,7,5,7,7,4,4,7,7,7,7,None,7,7,7,17,13,8,4,None,7,16,None,7,None,7,7,13,None,7,None,6,None,None,None,10,None,13,7,7,None,None,None,7,7,None,None,None,10,None,10,10,None,None,None,None,None,None
4,4,4,4,4,4,7,7,4,7,7,8,7,4,7,7,7,7,7,7,13,10,4,10,None,10,10,8,None,7,8,7,7,8,7,7,10,None,10,7,13,10,None,7,13,7,10,8,None,None,None,None,None,None,7,10,None,7,None,None,7,None,7,None,None,None,None,7,None,None,None
4,4,4,4,4,4,7,4,7,4,4,4,4,4,7,4,7,8,4,7,4,7,None,7,8,7,None,None,10,4,4,13,7,None,7,7,10,7,7,None,7,None,7,10,10,10,None,None,None,7,None,None,7,None,None,None,None,10,None,None,None,None,None,None,None,None,None,None,None,None,None
4,4,4,4,4,4,7,4,7,4,5,4,4,4,7,5,7,7,14,7,7,7,7,7,8,7,7,4,4,7,13,7,10,10,None,7,None,None,7,7,8,None,7,None,7,7,None,None,10,None,None,None,None,None,11,None,None,7,None,None,None,None,None,None,None,None,None,None,None,None,None
4,4,4,4,4,4,5,4,4,8,4,7,8,7,7,10,10,7,7,None,7,7,4,4,7,7,4,7,7,7,7,10,7,None,13,7,None,7,8,7,4,None,7,10,10,10,None,None,10,7,None,7,None,None,10,11,None,10,None,None,None,None,None,None,None,4,None,None,None,None,None
4,4,4,4,4,4,7,4,4,7,8,7,7,4,7,7,7,10,7,7,7,7,4,7,4,10,23,22,7,7,7,None,4,7,10,10,None,None,8,None,7,7,None,7,None,10,13,7,None,7,None,None,16,5,5,None,None,None,None,None,None,None,None,None,None,9,None,None,None,None,None
4,4,4,4,4,4,4,4,4,4,7,7,4,7,4,4,7,7,4,7,4,13,7,7,4,7,7,4,7,8,7,7,7,7,13,26,None,4,7,4,19,8,None,8,None,None,None,8,None,8,None,10,13,None,None,7,None,11,10,None,7,None,None,None,None,None,None,7,None,None,None
4,4,4,4,4,7,4,4,7,4,4,7,10,7,5,4,4,7,4,4,7,7,7,7,None,10,13,7,None,7,7,10,8,10,7,7,7,8,7,7,4,7,10,None,None,None,7,7,7,None,None,7,None,13,None,None,16,None,7,None,None,4,None,None,None,None,None,None,None,None,None
4,4,4,4,4,4,4,4,7,7,7,7,4,7,5,4,7,7,8,4,7,7,16,10,7,7,7,23,10,None,7,None,10,10,10,4,7,7,7,4,4,7,None,None,None,None,16,10,7,None,4,7,None,None,7,None,None,4,None,7,8,11,None,None,None,None,7,None,None,None,None
4,4,4,4,4,4,7,7,4,7,4,4,4,10,7,7,7,7,7,7,7,10,5,10,8,7,7,7,None,7,13,7,7,24,7,10,10,7,7,7,7,4,None,7,None,None,None,None,None,8,None,7,None,None,None,None,None,None,11,None,None,None,None,None,None,None,None,None,None,None,None
4,4,4,4,4,4,4,4,7,4,7,7,7,7,7,11,7,7,7,7,7,16,7,7,10,4,8,8,7,4,7,7,None,7,10,7,None,9,7,None,None,4,None,None,None,None,None,None,None,7,None,None,None,None,10,None,7,7,None,None,8,None,None,None,None,None,None,None,None,None,None
4,4,4,4,4,4,4,4,8,4,7,4,7,4,4,5,7,7,4,8,7,8,4,8,4,8,16,5,8,7,10,7,7,7,4,7,11,7,10,7,None,8,None,None,7,8,None,8,10,10,10,None,7,None,None,None,None,None,None,7,None,None,9,None,None,None,None,None,None,None,None
4,4,4,4,4,4,4,4,4,7,7,8,4,7,4,4,7,4,7,4,8,7,7,7,8,4,4,None,7,4,13,10,5,13,7,7,None,None,7,7,7,7,None,None,13,None,None,8,10,None,7,7,7,4,None,7,None,10,None,None,None,4,None,8,None,None,None,None,None,None,None
4,4,4,4,4,4,4,4,4,4,4,4,4,7,4,7,10,4,7,10,4,4,7,4,None,4,7,8,7,7,8,4,7,8,7,7,None,7,22,7,7,None,7,7,7,None,None,None,None,None,None,None,10,None,None,None,None,7,None,None,None,None,5,None,None,None,None,None,None,None,None
4,4,4,4,4,4,4,4,8,8,5,7,4,7,7,7,7,4,10,7,13,7,7,8,8,7,4,7,7,3,7,3,5,7,7,7,None,5,None,13,None,10,8,None,None,None,None,None,13,None,4,None,None,16,None,7,None,None,None,None,None,None,None,None,None,None,None,None,None,None,None
4,4,4,4,4,4,4,4,4,5,4,4,4,7,7,7,4,5,7,13,7,10,7,7,7,7,4,13,4,7,7,7,7,7,7,13,8,4,None,None,7,10,None,None,None,7,7,None,7,None,None,None,16,None,7,7,None,7,8,None,None,None,None,None,None,None,None,None,None,None,None
4,4,4,4,4,4,4,4,7,7,4,7,10,7,4,7,7,10,8,11,7,10,4,7,4,10,None,7,22,7,16,10,7,7,None,7,7,8,10,None,None,None,10,None,7,8,7,10,None,None,None,7,7,None,None,None,None,None,None,7,None,None,None,5,None,None,None,None,None,None,None
4,4,4,4,4,4,7,4,4,4,5,7,7,4,7,7,7,5,7,10,7,7,None,4,7,7,4,5,7,7,7,11,10,7,7,13,None,None,7,4,7,7,None,None,None,None,8,None,None,None,None,None,8,7,None,None,None,7,None,None,None,7,None,None,None,None,None,None,None,None,None
4,4,4,4,4,4,4,7,4,7,4,4,4,4,4,7,4,4,4,4,7,7,7,7,4,7,13,5,5,7,10,7,23,13,10,14,4,10,7,None,None,10,8,7,7,13,None,None,None,7,16,None,None,None,None,None,None,None,None,None,None,None,None,None,None,4,None,None,None,None,None
4,4,4,4,4,4,4,7,7,7,7,5,7,4,7,4,7,5,5,4,7,7,4,22,7,13,4,7,7,7,20,7,7,13,7,10,7,7,8,None,8,7,7,7,5,3,7,None,None,8,10,None,None,None,None,7,7,7,None,None,8,None,None,None,None,None,None,None,None,None,None
4,4,4,4,4,4,4,4,7,4,4,7,5,4,7,8,7,10,7,None,4,7,8,4,7,7,7,7,8,None,8,7,7,8,7,None,8,7,7,13,None,5,7,7,7,7,7,None,None,7,None,None,None,None,None,None,None,None,7,8,7,None,None,None,None,None,None,None,None,None,None
4,4,4,4,4,4,7,7,4,7,4,7,4,7,7,7,7,4,7,4,13,11,7,4,10,7,19,8,5,19,4,13,4,7,10,13,13,10,7,None,7,7,8,4,None,None,7,10,None,None,None,None,7,None,8,None,8,None,None,None,None,None,7,None,None,None,7,None,None,None,None
4,4,4,4,4,4,5,4,7,7,4,4,7,7,7,10,7,7,5,7,4,7,8,7,7,7,7,7,7,7,7,4,7,None,7,8,7,10,10,None,10,None,7,7,7,8,13,None,7,7,None,None,None,11,None,None,None,None,None,None,None,None,7,None,None,None,None,None,None,None,None
4,4,4,4,4,4,7,4,7,4,4,7,4,7,4,4,7,4,7,13,7,10,10,13,7,7,4,13,7,8,4,7,7,7,10,7,7,None,7,10,7,None,10,7,None,None,None,None,None,None,4,7,None,7,9,7,None,10,5,None,None,None,None,None,8,None,None,None,None,None,None
4,4,4,4,4,4,7,4,4,4,7,7,7,7,4,7,8,7,7,7,7,4,7,5,7,13,13,8,7,7,7,7,4,None,7,7,7,10,None,7,10,None,None,7,4,None,16,7,8,8,None,None,None,None,None,None,7,None,None,None,None,None,4,None,None,None,None,None,None,None,None
4,4,4,4,4,4,4,4,7,7,5,None,7,4,7,7,7,7,7,5,7,7,5,4,8,7,4,7,None,7,7,7,7,4,7,7,None,7,7,None,None,13,7,7,7,None,None,10,7,7,8,None,7,10,None,7,7,None,None,None,7,None,None,None,None,None,11,None,None,None,None
4,4,4,4,4,4,4,4,7,4,4,7,7,4,7,4,4,4,4,4,7,16,7,7,4,8,7,13,7,7,None,7,7,7,None,7,5,7,None,13,13,None,7,11,None,None,None,13,None,None,None,None,None,7,None,8,None,None,None,13,None,None,None,None,None,None,None,None,None,None,None
4,4,4,4,4,4,5,4,4,4,4,7,7,4,4,10,7,10,7,4,7,4,7,13,13,7,7,7,7,4,3,8,16,7,7,None,7,7,7,7,None,13,7,7,None,None,None,None,8,10,None,8,10,None,None,None,7,None,None,None,None,None,None,None,None,None,None,None,None,None,None
4,4,4,4,4,4,4,4,4,7,7,7,4,4,7,7,7,4,8,10,7,7,7,10,7,7,7,7,7,7,8,13,7,10,None,7,7,16,13,7,7,None,None,11,None,7,None,None,None,None,None,None,7,None,8,None,None,None,None,None,None,None,None,10,None,None,None,None,None,None,None
4,4,4,4,4,4,4,4,4,4,7,7,4,4,7,4,7,4,13,7,10,4,7,13,7,7,7,13,7,13,7,10,10,7,7,4,5,7,None,8,None,4,None,7,None,7,7,7,8,None,None,None,7,7,None,None,None,4,None,None,None,None,None,None,None,None,None,None,None,None,None
4,4,4,4,4,4,4,4,4,7,4,4,4,4,7,7,7,7,4,4,7,7,4,7,22,7,7,4,10,13,4,7,7,4,7,7,7,4,7,7,None,4,None,13,7,7,None,None,None,7,16,None,None,None,8,None,None,None,None,None,None,None,None,None,None,None,None,None,None,None,None
4,4,4,4,4,4,4,4,7,7,4,7,7,4,4,7,7,7,4,10,13,4,7,25,7,7,7,5,None,7,4,7,7,7,19,13,7,8,None,7,10,7,None,8,None,7,None,7,7,10,None,7,None,16,None,7,None,None,7,None,None,None,None,None,None,None,None,None,None,None,None
4,4,4,4,4,4,4,4,8,4,7,4,7,4,7,4,7,4,7,4,7,10,7,7,11,7,None,17,None,7,13,8,7,7,None,None,7,None,16,None,None,4,7,None,None,8,10,7,16,None,7,None,4,7,7,None,None,8,None,None,None,None,None,None,9,None,None,None,None,None,None
